protein_id,protein_name,organism,sequence,cluster_id
NP_215678.1,nitrate reductase subunit beta,Mycobacterium tuberculosis H37Rv,MKVMAQMAMVMNLDKCIGCHTCSVTCKQAWTNRSGTEYVWFNNVETRPGVGYPRTYEDQERWRGGWVRDKKGRLRLRDGGRIHKLLRIFANPKLPTIGDYYEPWTYDYENLTSAPAGDTFPTAAPRSLISGNPMKVSWGSNWDDNLAGSPEIVPNDPVLKKVNQVNQEVKLKLEETFMFYLPRICEHCLNPSCVASCPSGAMYKRTEDGIVLVDQDRCRGWRMCVSGCPYKKVYFNHKTGKAEKCTLCYPRIEVGLPTVCSETCVGRLRYLGLVLYDVDQVLQAASVESDTDLYEAQRRILLDPHDPRVIAGARAEGIADEWIEAAQRSPVYALINTYRVALPLHPEYRTMPMVWYIPPLSPVVDAVSRDGHDGEDLGNLFGALDALRIPIAYLAELFTAGDTEVVAGVLRRLAAMRCYMRDINLGRETQPHIPESVGMTEEQIYQMYRLLAVAKYEERYVIPTSYAGELPAAAMTDDMGCSLSVDGGPGMYESGPFGQGSPTPVPIAVESFHALQHAGSAATGGAGRSRVNLLNWDPNGAAAGLFPEPQPSKDVVQR,999
NP_252563.1,respiratory nitrate reductase subunit beta,Pseudomonas aeruginosa PAO1,MKIRSQVGMVLNLDKCIGCHTCSITCKNVWTSREGMEYAWFNNVETKPGIGYPKEWENQEKWKGGWVRAADGSIRPRIGGKFRVLANIFANPDLPEIDDYYEPFDFDYQHLHTAPKAEHQPVARPRSLVSGQRMEKIEWGPNWEEILGTEFAKRRKDKNFDQVQADIYGEYENTFMMYLPRLCEHCLNPACVASCPSGAIYKREEDGIVLIDQDKCRGWRMCISGCPYKKIYFNWKSGKSEKCIFCYPRIEAGQPTVCSETCVGRIRYLGVLLYDADRIHEVASCENERELYEKQLEIFLDPFDPAVIAQARKDGVADSVIEAAQKSPVYKLAMDWKLALPLHPEYRTLPMVWYVPPLSPIQNAAAEGHIGSDGVIPDVESLRIPVQYLANLLTAGDTAPVLLALKRLLAMRAYKRAEHVEGRQDLEVLAKVGLSVEQVEEMYRYLAIANYEDRFVIPSAHREEALSDAFAERSGCGFSFGNGCSGGSNSAVNLFGGKPTNRRDVIQVVQIQE,999
YP_005227508.1,"nitrate reductase 1, Fe-S (beta) subunit",Klebsiella pneumoniae subsp. pneumoniae HS11286,MKIRSQVGMVLNLDKCIGCHTCSVTCKNVWTSREGMEYAWFNNVESKPGVGFPNDWENQEKWKGGWIRKINGKLQPRMGNRAMLLGKIFANPHLPGIDDYYEPFDYDYQNLHNAPESKHQPIARPRSLITGQRMDKITSGPNWEEILGGEFEKRAKDQNFDNMQKAMYGQFENTFMMYLPRLCEHCLNPACVATCPSGAIYKREEDGIVLIDQDKCRGWRMCITGCPYKKIYFNWKSGKSEKCIFCYPRIESGMPTVCSETCVGRIRYLGVLLYDADAIENAASTENEKDLYQRQLDVFLDPNDPKVIEQALKDGVPQGVIEAAQQSPVYKMAMDWKLALPLHPEYRTLPMVWYVPPLSPIQSAADAGELGSNGILPDVESLRIPVQYLANLLTAGDTQPVLLALKRMLAMRHYKRAETVDGVVDTRALEEVGLSEAQAQEMYRYLAIANYEDRFVVPSSHREQAREAFPEKNGCGFSFGDGCHGSDSQFNLFNSRRIDAIDVTSKTEPHA,999
NP_391608.1,nitrate reductase (beta subunit),Bacillus subtilis subsp. subtilis str. 168,MKIKAQIGMVMNLDKCIGCHTCSVTCKNTWTNRSGAEYMYFNNVETKPGIGYPKQWEDQDKYKGGWTLKKGKLELKSGSKTNRLAGLFYNPNQPSIDDYYEPWNYDYETLTNSPQKKHQPVARPKSSLTGDFMNIEWGPNWEDDLAGGHITGLEDPNVQKMEESIKTEFDDVFMMYLPRICEHCINPACVSSCPSGAMYKREEDGIVLVDQNACRSWRYCVSSCPYKKVYFNWQTNKAEKCTLCFPRLEAGLPTICSETCVGRIRYLGVMLYDADKVEEAASVENEKDLYHSQLDVFLDPNDPEVAKLAKEQGIPAEWIEAAQQSPIYKMIIDWKIALPLHPEYRTLPMVWYIPPLSPIMNLFEGKGSRQTAEDIFPAIDQMRIPIDYLAQLLTAGDTDHIRSTLKKMSVMRQYMRAVQTNKSIDPELISSVGLTEQQIEDMYRLLAIAKYDDRFVIPSSHREEVSDLYAEQGSCGLSFSGGPGSCF,999
NP_309757.1,nitrate reductase 1 beta (Fe-S) subunit,Escherichia coli O157:H7 str. Sakai,MKIRSQVGMVLNLDKCIGCHTCSVTCKNVWTSREGVEYAWFNNVETKPGQGFPTDWENQEKYKGGWIRKINGKLQPRMGNRAMLLGKIFANPHLPGIDDYYEPFDFDYQNLHTAPEGSKSQPIARPRSLITGERMAKIEKGPNWEDDLGGEFDKLAKDKNFDNIQKAMYSQFENTFMMYLPRLCEHCLNPACVATCPSGAIYKREEDGIVLIDQDKCRGWRMCITGCPYKKIYFNWKSGKSEKCIFCYPRIEAGQPTVCSETCVGRIRYLGVLLYDADAIERAASTENEKDLYQRQLEVFLDPNDPKVIEQAIKDGIPLSVIEAAQQSPVYKMAMEWKLALPLHPEYRTLPMVWYVPPLSPIQSAADAGELGSNGILPDVESLRIPVQYLANLLTAGDTKPVLRALKRMLAMRHYKRAETVDGKVDTRALEEVGLTEAQAQEMYRYLAIANYEDRFVVPSSHRELAREAFPEKNGCGFTFGDGCHGSDTKFNLFNSRRIDAIDVTSKTEPHP,999
NP_310097.1,nitrate reductase 1 beta (Fe-S) subunit,Escherichia coli O157:H7 str. Sakai,MKIRSQVGMVLNLDKCIGCHTCSVTCKNVWTGREGMEYAWFNNVETKPGIGYPKNWEDQEEWQGGWVRDVNGKIRPRLGSKMGVITKIFANPVVPQIDDYYEPFTFDYEHLHSAPEGKHIPTARPRSLIDGKRMDKVIWGPNWEELLGGEFEKRARDRNFEAMQKEMYGQFENTFMMYLPRLCEHCLNPSCVATCPSGAIYKREEDGIVLIDQDKCRGWRLCISGCPYKKIYFNWKSGKSEKCIFCYPRIESGQPTVCSETCVGRIRYLGVLLYDADRIEEAASTEREVDLYERQCEVFLDPHDPSVIEEALKQGIPQNVIDAAQRSPVYKMAMDWKLALPLHPEYRTLPMVWYVPPLSPIQSYADAGGLPKSEGVLPAIESLRIPVQYLANMLSAGDTGPVLRALKRMMAMRHYMRSQTVEGVTDTRAIDEVGLSIAQVEEMYRYLAIANYEDRFVIPTSHREMAGDAFAERNGCGFTFGDGCHGSDSKFNLFNSSRIDAINITEVRDKAEGE,999
NP_460537.1,"nitrate reductase 2, beta subunit",Salmonella enterica subsp. enterica serovar Typhimurium str. LT2,MKIRSQVGMVLNLDKCIGCHTCSVTCKNVWTGREGMEYAWFNNVETKPGIGYPKNWEDQQEWQGGWVRDVNGKIRPRLGGKMGVISKIFANPVIPQIDDYYEPFTFDYQHLHNAPESKHQPTARPRSLIDGKRMDKVIWGPNWEELLGGEFEKRARDRNFDNIQKEMYGQFENTFMMYLPRLCEHCLNPSCVATCPSGAIYKREEDGIVLIDQDKCRGWRLCISGCPYKKIYFNWKSGKSEKCIFCYPRIESGQPTVCSETCVGRIRYLGVLLYDADRIEEAASTEHETDLYERQCDVFLNPHDPAVIEEALKQGIPQNVIDAAQRSPVYKMAMDWKLALPLHPEYRTLPMVWYVPPLSPIQSYADAGGLPHNGNILPAVETLRIPVQYLANMLSAGDTGPVIRALKRMMAMRHYMRSQTVEGVTDTRAIEEVGLSIQQVEEMYRYLAIANYEDRFVIPTSHREMARDAFPERNGCGFTFGDGCHGSDTKFNLFNSSRIDAINITEVRDKAEGE,999
NP_460719.1,"nitrate reductase 1, FeS (beta) subunit",Salmonella enterica subsp. enterica serovar Typhimurium str. LT2,MKIRSQVGMVLNLDKCIGCHTCSVTCKNVWTSREGMEYAWFNNVESKPGVGFPNDWENQEKWKGGWIRKINGKLQPRMGNRALLLGKIFANPHLPGIDDYYEPFDYDYQNLHTAPESKHQPIARPRSLITGQRMDKITSGPNWEEILGGEFEKRAKDQNFENMQKAMYGQFENTFMMYLPRLCEHCLNPACVATCPSGAIYKREEDGIVLIDQDKCRGWRMCITGCPYKKIYFNWKSGKSEKCIFCYPRIEAGQPTVCSETCVGRIRYLGVLLYDADAIESAASTENEKDLYQRQLDVFLDPNDPAVIEQALKDGVPQSVIDAAQQSPVYKMAIDWKLALPLHPEYRTLPMVWYVPPLSPIQSAADAGELGSNGILPDVDSLRIPVQYLANLLTAGDTQPVLLALKRMLAMRHYKRAETVDGKVDTRALEEVGLSEAQAQEMYRYLAIANYEDRFVVPSSHRELARDAFPEKSGCGFTFGDGCHGSDTKFNLFNSRRIDAVDVTSKTEPHA,999
YP_501142.1,nitrate reductase subunit beta,Staphylococcus aureus subsp. aureus NCTC 8325,MWFNNVETKPGVGYPKRWEDQEHYKGGWVLNRKGKLELKSGSRISKIALGKIFYNPDMPLIKDYYEPWNYNYEHLTTAKSGKHSPVARAYSEITGDNIEIEWGPNWEDDLAGGHVTGPKDPNIQKIEEDIKFQFDETFMMYLPRLCEHCLNPSCVASCPSGAMYKRDEDGIVLVDQDACRGWRYCMTGCPYKKVYFNWKTNKAEKCTFCFPRIEAGMPTVCSETCTGRMRYLGVLLYDADRVHEAASAVDEKDLYEKQLDIFLNPFDEEVIAQAEKDGIGYDWIEAAQNSPIYKLAIEYKLAFPLHPEFRTMPMVWYCPPLSPIMSYFEGKNTTQNPDAIFPAIEEMRLPIEYLANIFTAGDTEPVKGALQRMAMMRSYMRSQVTQQPFDTSRLERLGITERQTKDMYRLLGLAKYEDRFVIPTSHKETYLDTYHAQGSTGYNYGGEHFGDNCEGCGVAVGSGKTGQEIYNENFYGGIFRD,999
NP_707134.1,nitrate reductase 1 subunit beta,Shigella flexneri 2a str. 301,MKIRSQVGMVLNLDKCIGCHTCSVTCKNVWTSREGVEYAWFNNVETKPGQGFPTDWENQEKYKGGWIRKINGKLQPRMGNRAMLLGKIFANPHLPGIDDYYEPFDFDYQNLHTAPEGSKSQPIARPRSLITGERMAKIEKGPNWEDDLGGEFDKLAKDKNFDNIQKAMYSQFENTFMMYLPRLCEHCLNPACVATCPSGAIYKREEDGIVLIDQDKCRGWRMCITGCPYKKIYFNWKSGKSEKCIFCYPRIEAGQPTVCSETCVGRIRYLGVLLYDADAIERAASTENEKDLYQRQLDVFLDPNDPKVIEQAIKDGIPLSVIEAAQQSPVYKMAMEWKLALPLHPEYRTLPMVWYVPPLSPIQSAADAGELGSNGILPDVESLRIPVQYLANLLTAGDTKPILRALKRMLAMRHYKRAETVDGKVDTRALEEVGLTEAQAQEMYRYLAIANYEDRFVVPSSHRELAREAFPEKNGCGFTFGDGCHGSDTKFNLFNSRRIDAIDVTSKTEPHP,999
NP_415743.1,nitrate reductase A subunit beta,Escherichia coli str. K-12 substr. MG1655,MKIRSQVGMVLNLDKCIGCHTCSVTCKNVWTSREGVEYAWFNNVETKPGQGFPTDWENQEKYKGGWIRKINGKLQPRMGNRAMLLGKIFANPHLPGIDDYYEPFDFDYQNLHTAPEGSKSQPIARPRSLITGERMAKIEKGPNWEDDLGGEFDKLAKDKNFDNIQKAMYSQFENTFMMYLPRLCEHCLNPACVATCPSGAIYKREEDGIVLIDQDKCRGWRMCITGCPYKKIYFNWKSGKSEKCIFCYPRIEAGQPTVCSETCVGRIRYLGVLLYDADAIERAASTENEKDLYQRQLDVFLDPNDPKVIEQAIKDGIPLSVIEAAQQSPVYKMAMEWKLALPLHPEYRTLPMVWYVPPLSPIQSAADAGELGSNGILPDVESLRIPVQYLANLLTAGDTKPVLRALKRMLAMRHYKRAETVDGKVDTRALEEVGLTEAQAQEMYRYLAIANYEDRFVVPSSHRELAREAFPEKNGCGFTFGDGCHGSDTKFNLFNSRRIDAIDVTSKTEPHP,999
NP_415984.1,nitrate reductase Z subunit beta,Escherichia coli str. K-12 substr. MG1655,MKIRSQVGMVLNLDKCIGCHTCSVTCKNVWTGREGMEYAWFNNVETKPGIGYPKNWEDQEEWQGGWVRDVNGKIRPRLGNKMGVITKIFANPVVPQIDDYYEPFTFDYEHLHSAPEGKHIPTARPRSLIDGKRMDKVIWGPNWEELLGGEFEKRARDRNFEAMQKEMYGQFENTFMMYLPRLCEHCLNPSCVATCPSGAIYKREEDGIVLIDQDKCRGWRLCISGCPYKKIYFNWKSGKSEKCIFCYPRIESGQPTVCSETCVGRIRYLGVLLYDADRIEEAASTEREVDLYERQCEVFLDPHDPSVIEEALKQGIPQNVIDAAQRSPVYKMAMDWKLALPLHPEYRTLPMVWYVPPLSPIQSYADAGGLPKSEGVLPAIESLRIPVQYLANMLSAGDTGPVLRALKRMMAMRHYMRSQTVEGVTDTRAIDEVGLSVAQVEEMYRYLAIANYEDRFVIPTSHREMAGDAFAERNGCGFTFGDGCHGSDSKFNLFNSSRIDAINITEVRDKAEGE,999
